100	Curcumin, turmeric	food colouring (yellow-orange)	0	Safe in recommended doses.					Куркумин, Турмерик	Краситель (желто-оранжевый)	Безопасен в рекомендованых дозах
101	Riboflavin (Vitamin B2), formerly called lactoflavin (Vitamin G)	food colouring (yellow-orange)	0		1				Рибофлавин (Vitamin B2), ранее назывался лактофлавин (Витамин G)	Краситель (желтый)	
101a	Riboflavin-5'-Phosphate	food colouring (yellow-orange)	0		1				Натриевая соль рибофлавин-5-фосфата	Краситель (желтый)	
102	Tartrazine (FD&C Yellow 5)	food colouring (lemon yellow)	1	Appears to cause allergic and/or intolerance reactions, particularly amongst those with an aspirin intolerance and asthmatics		0	0		Тартразин	Краситель (лимонный желтый)	Может вызывать аллергические реакции, особенно у людей с астмой или повышенной чувствительностью к ацетилсалициловой кислоте.
103	Chrysoine resorcinol	food colouring (golden)	2						Алканет, алканин	Краситель (красный)	
104	Quinoline Yellow WS	food colouring (dull or greenish yellow)	2	Banned in Austria, Japan, Norway and US. Undergoing a voluntary phase-out in the UK.	1	0	0		Жёлтый хинолиновый	Краситель (желто-зеленый)	В процессе добровольного отказа от использования в Великобритании, Запрещено в Австрии, Японии, Норвегии и США.
105	Fast Yellow AB	food colouring (yellow)	0						Желтый прочный AB	Краситель (желтый)	Не входит в список разрешенных в России
106	Riboflavin-5-Sodium Phosphate	food colouring (yellow)	0						Рибофлавин-5'-фосфат натрия	Краситель (желтый)	Не входит в список разрешенных в России
107	Yellow 2G	food colouring (yellow)	0						Желтый 2G	Краситель (желтый)	С 1.08.2008 не входит в список разрешенных в России
110	Sunset Yellow FCF (Orange Yellow S, FD&C Yellow 6)	food colouring (yellow-orange)	2	Banned in Finland, Norway & the UK (voluntarily). Products in the EU require warnings and is evaluating a phase-out.		0			Желтый “Солнечный закат” (Апельсиновый желтый S)	Краситель (желто-оранжевый)	Запрещено в Финляндии, Норвегии и Великобритании(добровольно) В ЕС требуется предупреждение на продуктах.
111	Orange GGN	food colouring (orange)	0						Оранжевый GGN	Краситель (оранжевый)	Исключен из списков в ЕС, США и России из-за опасности для здоровья
120	Cochineal, Carminic acid, Carmines, Natural Red 4	food colouring (crimson)	0	May cause allergic reactions	0	1	0		Кошениль, Кармины	Краситель (красный)	Может вызывать аллергические реакции.
121	Citrus Red 2	food colouring (dark red)	2	Cancerogen					Цитрусовый красный 2	Краситель (темно-красный)	Канцероген
122	Carmoisine, Azorubine	food colouring (red to maroon)	2	May cause allergic and/or intolerance reactions, particularly amongst those with an aspirin intolerance. Undergoing a voluntary phase-out in the UK, currently banned in Canada, Japan, Norway, USA & Sweden. EU currently evaluating health risks.		0	0		Азорубин, кармуазин	Краситель (красный)	В процессе отказа в Великобритании, запрещен в Канаде, США, Японии, Швеции, Норвегии. ЕС оценивает риск для здоровья.
123	Amaranth (FD&C Red 2)	food colouring (dark red)	2	Appears to cause allergic and/or intolerance reactions,  particularly amongst those with an aspirin intolerance or asthmatics. Can provoke asthma			0		Амарант	Краситель (темно-красный)	Может вызывать аллергические реакции, особенно у людей с астмой или повышенной чувствительностью к ацетилсалициловой кислоте.
124	Ponceau 4R (Cochineal Red A, Brilliant Scarlet 4R)	food colouring (red)	1	Appears to cause allergic and/or intolerance reactions particularly amongst those with an aspirin intolerance or asthmatics. Banned in Norway and US.		0	0		Понсо 4R, пунцовый 4R	Краситель (красный)	Может вызывать аллергические реакции, особенно у людей с астмой или повышенной чувствительностью к ацетилсалициловой кислоте. В России разрешено.
125	Ponceau SX, Scarlet GN	food colouring (red)	0						Понсо SX, пунцовый SX	Краситель (красный)	
126	Ponceau 6R	food colouring (red)	0						Ponceau 6R	Краситель (красный)	
127	Erythrosine (FD&C Red 3)	food colouring (red)	1	Banned in Norway and the United States.		0			Эритрозин	Краситель (красный)	Запрещено в Норвегии и США.
128	Red 2G	food colouring (red)	2			0			Красный 2G	Краситель (красный)	
129	Allura Red AC (FD&C Red 40)	food colouring (red)	2	Banned in Denmark, Belgium, France, Switzerland & Sweden. Undergoing a voluntary phase out in the UK. Permitted in the US and by the EU (whilst preserving individual country bans).		0			Красный очаровательный АС	Краситель (красный)	Запрещен в Дании, Бельгии, Франции, Швейцарии и Швеции. В Великобритании — в процессе добровольного отказа. Разрешен в США и ЕС (за исключением указанных стран)
130	Indanthrene blue RS	food colouring (blue)	0						Синий индантрен RS, синий солантрен FF, синий антраген, кубовый синий 4, манаскорубин, синий антрахинон	Краситель (синий)	Не входит в список разрешенных в России
131	Patent Blue V	food colouring (dark blue)	3	Best avoided by people with allergy reactions as it can cause skin sensitivity, itching, nausea, low blood pressure, tremors and breathing problems.		1	0		Синий патентованный V	Краситель (темно-синий)	Рекомендуеся избегать людям с аллергией. Может вызывать крапивницу, астму, желудочно-кишечные расстройства.
132	Indigo carmine, FD&C Blue 2	food colouring(indigo)	3	Best avoided by people with allergy reactions as it can cause skin sensitivity, itching, nausea, low blood pressure, tremors and breathing problems..		1	0		Индиготин, Индигокармин	Краситель (индиго)	Рекомендуеся избегать людям с аллергией. Может вызывать крапивницу, астму, желудочно-кишечные расстройства.
133	Brilliant Blue FCF (FD&C Blue 1)	food colouring (reddish blue)	1	Banned in Austria, Belgium, Denmark, France, Germany, Greece, Italy, Norway, Spain, Sweden and Switzerland. 		1			Бриллиантовый голубой FCF, синий блестящий FCF	Краситель (синий)	Запрещен в Австрии, Бельгии, Дании, Франции, Германии, Греции, Италии, Норвегии, Испании, Швеции и Швейцарии.
140	Chlorophylls and Chlorophyllins: (i) Chlorophylls (ii) Chlorophyllins	food colouring (green)	0						Хлорофилл	Краситель (зеленый)	
141	Copper complexes of chlorophylls and chlorophyllins (i) Copper complexes of chlorophylls (ii) Copper complexes of chlorophyllins	food colouring (green)	0						Хлорофилла комплекс медный, Медного комплекса хлорофиллина натриевая и калиевая соли	Краситель (зеленый)	
142	Green S	food colouring (green)	1	Currently research is ongoing into acceptable intake levels, however it is known to cause hyperactivity, asthma, uticaria, and insomnia. Banned in Canada, Finland, Japan, Norway, Sweden and the USA.		1			Зелёный S	Краситель (зеленый)	В данный момент проводятся исследования для выяснения безопасной дозы, однако уже ясно, что эта добавка может вызывать гиперактивность, астму, крапивницу и бессонницу. Запрещена в Канаде, Финляндии, Японии, Норвегии, Швеции и США. В России разрешено.
143	Fast Green FCF (FD&C Green 3)	food colouring (sea green)	0						Зелёный стойкий FCF	Краситель (зеленый)	
150a	Plain caramel	food colouring	0			1			Сахарный колер I простой	Краситель (коричневый)	
150b	Caustic sulfite caramel	food colouring	0			1			Сахарный колер II, «щелочно-сульфитная» технология	Краситель (коричневый)	
150c	Ammonia caramel	food colouring	0			1			Сахарный колер III, «аммиачная» технология	Краситель (коричневый)	
150d	Sulphite ammonia caramel	food colouring	0			1			Сахарный колер IV, «аммиачно-сульфитная» технология	Краситель (коричневый)	
151	Black PN, Brilliant Black BN	food colouring	1	May cause allergic or intolerance reactions, particularly amongst those with an aspirin intolerance. May worsen the symptoms of asthma.Banned in Canada, USA and Finland.		1			Бриллиантовый чёрный PN, чёрный блестящий BN	Краситель (черный)	Может вызывать аллергические реакции, особенно у людей с астмой или повышенной чувствительностью к ацетилсалициловой кислоте. Запрещено в Канаде, США и Финляндии.
152	Black 7984	food colouring	0						Черный 7984	Краситель (черный)	
153	Carbon black, Vegetable carbon	food colouring	0		1	1			Каменный, древесный уголь	Краситель (черный)	
154	Brown FK, Kipper Brown	food colouring	1			1			Коричневый FK	Краситель (коричневый)	
155	Brown HT, Chocolate brown HT	food colouring	1	It is banned in Austria, Belgium, Denmark, France, Germany, United States, Norway, Switzerland, and Sweden.		1			Шоколадный коричневый HT	Краситель (коричневый)	Запрещена в Австрии, Бельгии, Дании, Франции, Германии, Норвегии, Швеции и Швейцарии.
160a	Alpha-carotene, Beta-carotene, Gamma-carotene	food colouring	0		1				Альфа-, бета-, гамма-каротины	Краситель (желто-оранжевый)	
160b	Annatto, bixin, norbixin	food colouring	1	Has been linked with many cases of food-related allergies					Экстракт аннато, биксин	Краситель (желтый)	Может вызывать аллергические реакции.
160c	Paprika oleoresin, Capsanthin, capsorubin	food colouring	0	Not permitted in Australia.					Маслосмолы паприки (экстракт паприки)	Краситель (оранжевый)	Запрещено в Австралии.
160d	Lycopene	food colouring	0	Not permitted in Australia.					Ликопин	Краситель (красный)	Запрещено в Австралии.
160e	Beta-apo-8'-carotenal (C 30)	food colouring	0						Бета-апо-8-каротиновый альдегид (С 30)	Краситель (желто-оранжевый)	
160f	Ethyl ester of beta-apo-8'-carotenic acid (C 30)	food colouring	0						Метиловый или этиловый эфиры бета-апо-8-каротиновой кислоты (С30)	Краситель (желто-оранжевый)	
161a	Flavoxanthin	food colouring	0						Флавоксантин	Краситель (желтый)	С 1.08.2008 не входит в список разрешенных в России
161b	Lutein	food colouring	0		1				Лютеин	Краситель (желтый)	
161c	Cryptoxanthin	food colouring	0						Криптоксантин	Краситель (желтый)	С 1.08.2008 не входит в список разрешенных в России
161d	Rubixanthin	food colouring	0						Рубиксантин	Краситель (желтый)	С 1.08.2008 не входит в список разрешенных в России
161e	Violaxanthin	food colouring	0						Виолоксантин	Краситель (желтый)	С 1.08.2008 не входит в список разрешенных в России
161f	Rhodoxanthin	food colouring	0						Родоксантин	Краситель (желтый)	С 1.08.2008 не входит в список разрешенных в России
161g	Canthaxanthin	food colouring	0		1				Кантаксантин	Краситель (оранжевый)	
161h	Zeaxanthin	food colouring	0						Зеаксантин	Краситель (оранжевый)	Не входит в список разрешенных в России
161i	Citranaxanthin	food colouring	0						Цитранаксантин	Краситель (желтый)	Не входит в список разрешенных в России
161j	Astaxanthin	food colouring	0						Астаксантин	Краситель (желтый)	Не входит в список разрешенных в России
162	Beetroot Red, Betanin	food colouring	0			1			Свекольный красный (бетанин)	Краситель (красный)	
163	Anthocyanins	food colouring	0						Антоцианы, Экстракт из кожицы винограда, Экстракт из чёрной смородины	Краситель (красно-фиолетовый)	
170	Calcium carbonate, Chalk	food colouring	0						Карбонаты кальция (мел)	Краситель (белый)	
171	Titanium dioxide	food colouring (pure white)	0	No adverse effects are known, however banned in Germany.					Диоксид титана	Краситель (белый)	Добавка в Германии запрещена, хотя известных побочных эффектов нет.
172	Iron oxides and hydroxides	food colouring	0						Оксиды железа	Краситель (черный, красный, желтый)	
173	Aluminium	food colouring	0	There is an increasing body of evidence to suggest that an accumulation of aluminium in the cells of the nervous system could be potentially toxic.					Алюминий	Краситель (металлический)	Существуют доказательства, что накопление алюминия в нервных клетках может быть потенциально токсично.
174	Silver	food colouring	0	Long, regular consumption can lead to kidney damage, however it should not be a problem with food additive.					Серебро	Краситель (металлический)	
175	Gold	food colouring	0						Золото	Краситель (металлический)	
180	Pigment Rubine, Lithol Rubine BK	food colouring	1	May cause allergic or intolerance reactions, particularly amongst those with an aspirin intolerance and/or asthma.			0		Рубиновый литол ВК	Краситель (красный)	
181	Tannin	food colouring	0						Таннин	Краситель (желто-белый)	
182	Orcein, Orchil	food colouring	0						Орсель, орсеин	Краситель (красный/синий)	С 1.08.2008 не входит в список разрешенных в России
200	Sorbic acid	preservative	0						Сорбиновая кислота	консервант	
201	Sodium sorbate	preservative	0						Cорбат натрия	консервант	
202	Potassium sorbate	preservative	0						Сорбат калия	консервант	
203	Calcium sorbate	preservative	0						Сорбат кальция	консервант	
209	Heptyl p-hydroxybenzoate	preservative	0						Пара-гидроксибензойной кислоты гептиловый эфир	консервант	С 1.08.2008 не входит в список разрешенных в России
210	Benzoic acid	preservative	1	Best avoided by people with allergy reactions. Also may cause gastric irritation.		0			Бензойная кислота	консервант	Рекомендуеся избегать людям с аллергией. Может также вызывать раздражение ЖКТ.
211	Sodium benzoate	preservative	0	People who suffer from asthma, aspirin sensitivity or the skin disease urticaria may have allergic reactions and/or find their symptoms become worse following consumption of benzoic acid, particularly in combination with tartrazine (E102).		1			Бензоат натрия	консервант	Может вызывать аллергические реакции, особенно у людей с астмой или повышенной чувствительностью к ацетилсалициловой кислоте. Особенно в комбинации с тартазином (Е102)
212	Potassium benzoate	preservative	0	People who suffer from asthma, aspirin sensitivity or the skin disease urticaria may have allergic reactions and/or find their symptoms become worse following consumption of benzoic acid, particularly in combination with tartrazine (E102).		1			Бензоат калия	консервант	Может вызывать аллергические реакции, особенно у людей с астмой или повышенной чувствительностью к ацетилсалициловой кислоте. Особенно в комбинации с тартазином (Е102)
213	Calcium benzoate	preservative	0	People who suffer from asthma, aspirin sensitivity or the skin disease urticaria may have allergic reactions and/or find their symptoms become worse following consumption of benzoic acid, particularly in combination with tartrazine (E102).					Бензоат кальция	консервант	Может вызывать аллергические реакции, особенно у людей с астмой или повышенной чувствительностью к ацетилсалициловой кислоте. Особенно в комбинации с тартазином (Е102)
214	Ethylparaben (ethyl para-hydroxybenzoate)	preservative	3						Этилпарабен (пара-гидроксибензойной кислоты этиловый эфир)	консервант	
215	Sodium ethyl para-hydroxybenzoate	preservative	0						Пара-гидроксибензойной кислоты этилового эфира натриевая соль	консервант	
216	Propylparaben (propyl para-hydroxybenzoate)	preservative	2			1			Пропилпарабен (пара-гидроксибензойной кислоты пропиловый эфир)	консервант	
217	Sodium propyl para-hydroxybenzoate	preservative	2			1			Пара-гидроксибензойной кислоты пропилового эфира натриевая соль	консервант	
218	Methylparaben (methyl para-hydroxybenzoate)	preservative	1	Can cause allergic reactions, particularly to the skin.		1			Метилпарабен (пара-гидроксибензойной кислоты метиловый эфир)	консервант	Может вызывать аллергические реакции.
219	Sodium methyl para-hydroxybenzoate	preservative	0						Пара-гидроксибензойной кислоты метилового эфира натриевая соль	консервант	
220	Sulphur dioxide	preservative	0	Known to provoke asthma attacks and is difficult to metabolise for those with impaired kidney function.		1			Диоксид серы	консервант	Может вызывать приступы астмы. Так же не рекомендуется людям с проблемными почками.
221	Sodium sulphite	preservative	0	Known to provoke asthma attacks		1			Сульфит натрия	консервант	Может вызывать приступы астмы.
222	Sodium bisulphite (sodium hydrogen sulphite)	preservative	0	May cause an allergic reaction in some people, especially asthmatics.		1	0		Гидросульфит натрия	консервант	Может вызывать аллергические реакции, особенно у людей с астмой.
223	Sodium metabisulphite	preservative	0	May cause allergic reactions, particularly skin irritation, gastric irritation and asthma.		1	0		Пиросульфит натрия (метабисульфит)	консервант	Может вызывать аллергические реакции, в частности раздражение кожи, ЖКТ и астму.
224	Potassium metabisulphite	preservative	0	Can cause asthma, cyanosis, faintness and even unconsciousness.		1			Пиросульфит калия	консервант	Может вызывать астму, цианоз и даже потерб сознания.
225	Potassium sulphite	preservative	0						Сульфит калия	консервант	
226	Calcium sulphite	preservative	0	May cause asthma. A gastric irritant. Not permitted in Australia		1			Сульфит кальция	консервант	Может вызывать астму и раздражение ЖКТ.
227	Calcium hydrogen sulphite (preservative)	firming agent	0	May cause allergic reaction.		1	0		Гидросульфит кальция	консервант	Может быть причиной аллергических реакций.
228	Potassium hydrogen sulphite	preservative	0						Гидросульфит калия (бисульфит калия)	консервант	
230	Biphenyl, diphenyl	preservative	1			1			Бифенил, дифенил	консервант	
231	Orthophenyl phenol	preservative	1						Ортофенилфенол	консервант	
232	Sodium orthophenyl phenol	preservative	1						Ортофенилфенола натриевая соль	консервант	
233	Thiabendazole	preservative	0						Тиабендазол	консервант	Не входит в список разрешенных в России
234	Nisin	preservative	0						Низин	консервант	
235	Natamycin, Pimaracin	preservative	0	May cause nausea, vomiting, anorexia, diarrhoea and skin irritation. It is also sometimes used medically to treat candidiasis.					Натамицин, пимарицин	консервант	Может вызывать головокружение, рвоту, диарею и раздражение кожи.
236	Formic acid	preservative	0		1				Муравьиная кислота	консервант	
237	Sodium formate	preservative	0		1				Формиат натрия	консервант	
238	Calcium formate	preservative	0		1				Формиат кальция	консервант	
239	Hexamine (hexamethylene tetramine)	preservative	1			1			Гексаметилентетрамин	консервант	
240	Formaldehyde	preservative	2						Формальдегид	консервант	
242	Dimethyl dicarbonate	preservative	0						Диметилдикарбонат	консервант	
249	Potassium nitrite	preservative	2			1			Нитрит калия	консервант	
250	Sodium nitrite	preservative	1	Potentially carcinogenic		1			Нитрит натрия	консервант	Потенциальный канцероген
251	Sodium nitrate	preservative	0			1			Нитрат натрия	консервант	
252	Potassium nitrate (Saltpetre)	preservative	1		1	1			Нитрат калия	консервант	
260	Acetic acid (preservative)	acidity regulator	0		1				Уксусная кислота	регулятор кислотности	
261	Potassium acetate (preservative)	acidity regulator	0	Should be avoided by people with impaired kidney function as it is known to be a diuretic.					Ацетаты калия	консервант, регулятор кислотности	Рекомендуется избегать людям с заболеваниями почек.
262	Sodium acetates (i) Sodium acetate (ii) Sodium hydrogen acetate (sodium diacetate)	preservative, acidity regulator	0						Ацетаты натрия	консервант, регулятор кислотности	
263	Calcium acetate (preservative)	acidity regulator	0						Ацетат кальция	консервант, регулятор кислотности	
264	Ammonium acetate	preservative	0						Ацетат аммония	консервант	
265	Dehydroacetic acid	preservative	0						Дегидроацетовая кислота	консервант	
266	Sodium dehydroacetate	preservative	0						Дегидроацетат натрия	консервант	
270	Lactic acid (preservative) (acid)	antioxidant	0		1				Молочная кислота	антиоксидант	
280	Propionic acid	preservative	0	May be linked to migraines.					Пропионовая кислота	консервант	Может вызывать мигрени.
281	Sodium propionate	preservative	0	May be linked to migraines.					Пропионат натрия	консервант	Может вызывать мигрени.
282	Calcium propionate	preservative	0	May be linked to migraines.					Пропионат кальция	консервант	Может вызывать мигрени.
283	Potassium propionate	preservative	0	May be linked to migraines.					Пропионат калия	консервант	Может вызывать мигрени.
284	Boric acid	preservative	0	Ingestion and ingalation is harmful.					Борная кислота	консервант	Не входит в список разрешенных в России.
285	Sodium tetraborate (borax)	preservative	0	Eye and skin irritant. Harmful by ingestion. May be harmful by inhalation. 					Тетраборат натрия (боракс)	консервант	Не входит в список разрешенных в России.
290	Carbon dioxide	acidity regulator	0						Диоксид углерода	регулятор кислотности	
296	Malic acid (acid)	acidity regulator	0			1			Яблочная кислота (малоновая кислота)	регулятор кислотности	
297	Fumaric acid	acidity regulator	0						Фумаровая кислота	регулятор кислотности	
300	Ascorbic acid (Vitamin C)	antioxidant	0						Аскорбиновая кислота (Витамин C)	антиоксидант	
301	Sodium ascorbate	antioxidant	0						Аскорбат натрия (Натриевая соль аскорбиновой кислоты)	антиоксидант	
302	Calcium ascorbate	antioxidant	0	Some fear that it may increase the formation of calcium oxalate stones in the urine and should therefor be avoided by those with a predisposition to kidney stones.					Аскорбат кальция	антиоксидант	Возможно связан с формированием камней в почках.
303	Potassium ascorbate	antioxidant	0						Аскорбат калия	антиоксидант	
304	Fatty acid esters of ascorbic acid (i) Ascorbyl palmitate	antioxidant	0		1				Аскорбилпальмитат	антиоксидант	
305	(ii) Ascorbyl stearate	antioxidant	0						Аскорбилстеарат	антиоксидант	
306	Tocopherol-rich extract (natural)	antioxidant	0						Концентрат смеси Токоферолов	антиоксидант	
307	Alpha-tocopherol (synthetic)	antioxidant	0						Альфа-токоферол синтетический	антиоксидант	
308	Gamma-tocopherol (synthetic)	antioxidant	0						Гамма-токоферол синтетический	антиоксидант	
309	Delta-tocopherol (synthetic)	antioxidant	0						Дельта-токоферол синтетический	антиоксидант	
310	Propyl gallate	antioxidant	0			1			Пропилгаллат	антиоксидант	
311	Octyl gallate	antioxidant				1			Октилгаллат	антиоксидант	
312	Dodecyl gallate	antioxidant				1			Додецилгаллат	антиоксидант	
313	Ethyl gallate	antioxidant							Этилгаллат	антиоксидант	Не входит в список разрешенных в России
314	Guaiac resin	antioxidant	0						Гваяковая смола	антиоксидант	
315	Erythorbic acid	antioxidant	0						Эриторбовая кислота	антиоксидант	
316	Sodium erythorbate	antioxidant	0						Эриторбат натрия	антиоксидант	
317	Erythorbin acid	antioxidant	0						Эриторбат калия	антиоксидант	
318	Sodium erythorbin	antioxidant	0						Эритробат кальция	антиоксидант	
319	Tert-Butylhydroquinone (TBHQ)	antioxidant	0						Трет-бутилгидрохинон	антиоксидант	
320	Butylated hydroxyanisole (BHA)	antioxidant	0	Not permitted in infant foods. May provoke an allergic reaction in some people.		1	0		Бутилгидроксианизол	антиоксидант	Не разрешен для использования в детском питании, может вызывать аллергические реакции
321	Butylated hydroxytoluene (BHT)	antioxidant	0	Not permitted in infant foods. May provoke an allergic reaction in some people.		1	0		Бутилгидрокситолуол	антиоксидант	Не разрешен для использования в детском питании, может вызывать аллергические реакции
322	Lecithin	emulsifier	0		1				Лецитины	эмульгатор	
323	Anoxomer	antioxidant	0						Аноксомер	антиоксидант	
324	Ethoxyquin	antioxidant	0						Этоксихин	антиоксидант	Не входит в список разрешенных в России
325	Sodium lactate	acidity regulator	0	Young children with lactose intolerance may show adverse reactions.					Лактат натрия	регулятор кислотности	Может вызывать неблагоприятные реакции у детей с непереносимостью лактозы
326	Potassium lactate (antioxidant)	acidity regulator	0		1				Лактат калия	регулятор кислотности, антиоксидант	
327	Calcium lactate	acidity regulator	0		1				Лактат кальция	регулятор кислотности	
328	Ammonium lactate	acidity regulator	0						Лактат аммония	регулятор кислотности	
329	Magnesium lactate	acidity regulator	0						Лактат магния	регулятор кислотности	
330	Citric acid	acid, acidity regulator	0						Лимонная кислота	регулятор кислотности	
331	Sodium citrates (i) Monosodium citrate (ii) Disodium citrate (iii) Sodium citrate (trisodium citrate)	acidity regulator	0						Цитраты натрия	регулятор кислотности	
332	Potassium citrates (i) Monopotassium citrate (ii) Potassium citrate (tripotassium citrate)	acidity regulator	0						Цитраты калия	регулятор кислотности	
333	Calcium citrates (i) Monocalcium citrate (ii) Dicalcium citrate (iii) Calcium citrate (tricalcium citrate)	acidity regulator, firming agent, sequestrant	0						Цитраты кальция	регулятор кислотности, консервант, усилитель экскреции	
334	Tartaric acid (L(+)-)	(acid)	0						Винная кислота (L(+)-)	регулятор кислотности	
335	Sodium tartrates (i) Monosodium tartrate (ii), Disodium tartrate	acidity regulator	0						Тартраты натрия	регулятор кислотности	
336	Potassium tartrates (i) Monopotassium tartrate (cream of tartar) (ii) Dipotassium tartrate	acidity regulator	0						Тартраты калия	регулятор кислотности	
337	Sodium potassium tartrate	acidity regulator	0						Тартрат калия-натрия	регулятор кислотности	
338	Orthophosphoric acid	acid	0						Ортофосфорная кислота	регулятор кислотности	
339	Sodium phosphates (i) Monosodium phosphate (ii) Disodium phosphate (iii) Trisodium phosphate	antioxidant	0						Ортофосфаты натрия	антиоксидант	
340	Potassium phosphates (i) Monopotassium phosphate (ii) Dipotassium phosphate (iii) Tripotassium phosphate	antioxidant	0						Ортофосфаты калия	антиоксидант	
341	Calcium phosphates (i) Monocalcium phosphate (ii) Dicalcium phosphate (iii) Tricalcium phosphate	anti-caking agent, firming agent	0						Ортофосфаты кальция	разрыхлитель, firming agent	
342	Ammonium phosphates: (i) Monoammonium orthophosphate (ii) Diammonium orthophosphate		0						Ортофосфаты аммония		
343	Magnesium phosphates (i) monomagnesium phosphate (ii) Dimagnesium phosphate	anti-caking agent	4	This additive is under discussion and may be included in a future amendment to the Directive on miscellaneous additives					Ортофосфаты магния	разрыхлитель	Исключение этой добавки из списка находится в процессе обсуждения
344	Lecitin citrate	acidity regulator	0						Цитрат лецитина	регулятор кислотности	Не входит в список разрешенных в России
345	Magnesium citrate	acidity regulator	0						Цитрат магния	регулятор кислотности	
349	Ammonium malate	acidity regulator	0						Малат аммония	регулятор кислотности	
350	Sodium malates (i) Sodium malate (ii) Sodium hydrogen malate	acidity regulator	0						Малаты натрия	регулятор кислотности	
351	Potassium malate	acidity regulator	0						Малаты калия	регулятор кислотности	
352	Calcium malates (i) Calcium malate (ii) Calcium hydrogen malate	acidity regulator	0						Малаты кальция	регулятор кислотности	
353	Metatartaric acid	emulsifier	0						Мета-винная кислота	эмульгатор	
354	Calcium tartrate	emulsifier	0						Тартрат кальция	эмульгатор	
355	Adipic acid	acidity regulator	0						Адипиновая кислота	регулятор кислотности	
356	Sodium adipate	acidity regulator	0						Адипат натрия	регулятор кислотности	
357	Potassium adipate	acidity regulator	0						Адипат калия	регулятор кислотности	
359	Ammonium adipate	acidity regulator	0						Адипат аммония	регулятор кислотности	
363	Succinic acid	acidity regulator	0						Янтарная кислота	регулятор кислотности	
365	Sodium fumarate	acidity regulator	0						Фумарат натрия	регулятор кислотности	
366	Potassium fumarate	acidity regulator	0						Фумарат калия	регулятор кислотности	
367	Calcium fumarate	acidity regulator	0						Фумарат кальция	регулятор кислотности	
368	Ammonium fumarate	acidity regulator	0						Фумарат аммония	регулятор кислотности	
370	1,4-Heptonolactone	acidity regulator	0						Гептонолактон	регулятор кислотности	Не входит в список разрешенных в России
375	Niacin (nicotinic acid), Nicotinamide	colour retention agent	0						Никотиновая кислота (ниацин)	регулятор кислотности	С 1.08.2008 не входит в список разрешенных в России
380	Triammonium citrate	acidity regulator	0						Цитраты аммония	регулятор кислотности	
381	Ammonium ferric citrate	acidity regulator	0						Цитраты аммония железа	регулятор кислотности	
383	Calcium glycerylphosphate	acidity regulator	0						Глицерофосфат кальция	регулятор кислотности	
384	Isopropyl citrate	acidity regulator	0						Изопропилцитратная смесь	регулятор кислотности	
385	Calcium disodium ethylene diamine tetraacetate, (Calcium disodium EDTA)	sequestrant	0						Кальция динатриевая соль этилендиаминтетрауксусной кислоты (CaNa2 ЭДТА)	консервант	
386	Disodium ethylene diamine tetraacetate (Disodium EDTA)	sequestrant	0						Динатриевая соль этилендиаминтетрауксусной кислоты	консервант	
387	Oxystearin	stabiliser	0						Оксистеарин	стабилизатор	
388	Thiodipropionic acid		1						Тиопропионовая кислота		
389	Dilauryl thiodipropionate		1						Дилаурил тиодипропионат		
390	Distearyl thiodipropionate		0						Дистеарил тиодипропионат		Не входит в список разрешенных в России
391	Phytic acid		0						Фитиновая кислота		С 1.08.2008 не входит в список разрешенных в России
399	Calcium lactobionate		0						Лактобионат кальция		Не входит в список разрешенных в России
400	Alginic acid	emulsifier	0						Альгиновая кислота	стабилизатор, эмульгатор	
401	Sodium alginate	emulsifier	0						Альгинат натрия	стабилизатор, эмульгатор	
402	Potassium alginate	emulsifier	0						Альгинат калия	стабилизатор, эмульгатор	
403	Ammonium alginate	emulsifier	0						Альгинат аммония	стабилизатор, эмульгатор	
404	Calcium alginate	emulsifier	0						Альгинат кальция	стабилизатор, эмульгатор	
405	Propane-1,2-diol alginate (Propylene glycol alginate)	emulsifier	0						Альгинат пропиленгликоля	стабилизатор, эмульгатор	
406	Agar	stabiliser	0						Агар	стабилизатор	
407	Carrageenan	emulsifier	0						Каррагинаны	стабилизатор, эмульгатор	
407a	Processed eucheuma seaweed	emulsifier	0						Каррагинан из водорослей Euchema	стабилизатор, эмульгатор	
408	Bakers yeast glycan		0						Гликан пекарских дрожжей		Исключена из списка разрешенных в России
409	Arabinogalactan		0						Арабиногалактан		
410	Locust bean gum	emulsifier	0						Камедь рожкового дерева	эмульгатор, стабилизатор	
411	Oat gum	stabiliser	0						Овсяная камедь	стабилизатор	
412	Guar gum	stabiliser	0	Known adverse effects are flatulence, diarrhoea, abdominal distension and intestinal obstruction.					Гуаровая камедь	стабилизатор	Известными неблагоприятнысм последствиями являются метеоризм, диарея, вздутие живота и кишечная непроходимость.
413	Tragacanth	emulsifier	0	May cause allergic reactions. 		0			Трагакантовая камедь	эмульгатор	Может быть причиной аллергических реакций.
414	Acacia gum (gum arabic)	emulsifier	0	May cause weak allergic reaction in some individuals		0			Гуммиарабик	эмульгатор	Может быть причиной слабых аллергических реакций.
415	Xanthan gum	stabiliser	0						Ксантановая камедь	стабилизатор	
416	Karaya gum	emulsifier	0						Камедь карайи	эмульгатор	
417	Tara gum	stabiliser	0						Камедь тары	стабилизатор	
418	Gellan gum	emulsifier	0						Геллановая камедь	эмульгатор	
419	Gum ghatti	emulsifier	0						Камедь гхатти	эмульгатор	
420	Sorbitol (i) Sorbitol (ii) Sorbitol syrup	humectant	0						Сорбит и сорбитовый сироп	увлажнитель	
421	Mannitol	sweetener, anti-caking agent	0						Маннит	подсластитель	
422	Glycerol	sweetener	0		1				Глицерин	подсластитель	
424	Curdlan		1						Курдлан		
425	Konjac (i) Konjac gum (ii) Konjac glucomannane	emulsifier	1						Конжак (Конжаковая мука)	эмульгатор	
426	Soybean hemicellulose								Гемицеллюлоза сои		
429	Peptones		0						Пептоны		Исключена из списка разрешенных в России
430	Polyoxyethene (8) stearate	stabiliser	0		1				Полиоксиэтилен (8) стеарат	стабилизатор	
431	Polyoxyethene (40) stearate	emulsifier	0		1				Полиоксиэтилен (40) стеарат	эмульгатор	
432	Polyoxyethene (20) sorbitan monolaurate (polysorbate 20)	emulsifier	0		1				Полиоксиэтилен (20) сорбитан монолаурат, твин 20	эмульгатор	
433	Polyoxyethene (20) sorbitan monooleate (polysorbate 80)	emulsifier	0		1				Полиоксиэтилен (20) сорбитан моноолеат, твин 80	эмульгатор	
434	Polyoxyethene (20) sorbitan monopalmitate (polysorbate 40)	emulsifier	0		1				Полиоксиэтилен (20) сорбитан монопальмитат, твин 40	эмульгатор	
435	Polyoxyethene (20) sorbitan monostearate (polysorbate 60)	emulsifier	0		1				Полиоксиэтилен (20) сорбитан моностеарат, твин 60	эмульгатор	
436	Polyoxyethene (20) sorbitan tristearate (polysorbate 65)	emulsifier	0		1				Полиоксиэтилен (20) сорбитан тристеарат	эмульгатор	
440	Pectins (i) pectin (ii) amidated pectin	emulsifier	0						Пектины	эмульгатор	
441	Gelatine	gelling agent	0						Желатин	эмульгатор	В России не входит в список разрешенных
442	Ammonium phosphatides	emulsifier	0		1				Аммонийные соли фосфатидиловой кислоты	эмульгатор	
443	Brominated vegetable oil		0						Бромированное растительное масло	эмульгатор	В России не входит в список разрешенных
444	Sucrose acetate isobutyrate	emulsifier	0						Сахарозы ацетат изобутират	эмульгатор	
445	Glycerol esters of wood rosins	emulsifier	0		1				Эфиры глицерина и смоляных кислот	эмульгатор	
446	Succistearin		0						Сукцистеарин	эмульгатор	
450	Diphosphates (i) Disodium diphosphate (ii) Trisodium diphosphate (iii) Tetrasodium diphosphate (iv) Dipotassium diphosphate (v) Tetrapotassium diphosphate (vi) Dicalcium diphosphate (vii) Calcium dihydrogen diphosphate	emulsifier	0						Пирофосфаты (дифосфаты)	эмульгатор	
451	Triphosphates (i) Sodium triphosphate (pentasodium triphosphate) (ii) Pentapotassium triphosphate	emulsifier	0						Трифосфаты	эмульгатор	
452	Polyphosphates (i) Sodium polyphosphates (ii) Potassium polyphosphates (iii) Sodium calcium polyphosphate (iv) Calcium polyphosphates (v) Ammonium Polyphosphate	emulsifier	0						Полифосфаты	эмульгатор	
459	Beta-cyclodextrine	emulsifier	0						Бета-циклодекстрин	эмульгатор	
460	Cellulose (i) Microcrystalline cellulose (ii) Powdered cellulose	emulsifier	0						Целлюлоза	эмульгатор	
461	Methyl cellulose	emulsifier	0	May cause asthma, intestinal blockage, itching, skin rash and swallowing difficulty.					Метилцеллюлоза	эмульгатор	Может вызвать астму, кишечную блокаду, зуд, кожную сыпь и трудность глотания.
462	Ethyl cellulose	emulsifier	0						Этилцеллюлоза	эмульгатор	
463	Hydroxypropyl cellulose	emulsifier	0						Гидроксипропилцеллюлоза	эмульгатор	
464	Hydroxy propyl methyl cellulose, = hypromellose	emulsifier	0	May cause allergic reactions. 		0			Гидроксипропилметилцеллюлоза	эмульгатор	Может быть причиной аллергических реакций.
465	Ethyl methyl cellulose	emulsifier	0						Метилэтилцеллюлоза	эмульгатор	
466	Carboxymethyl cellulose, Sodium carboxy methyl cellulose	emulsifier	0						Натрий-карбоксиметилцеллюлоза	эмульгатор	
467	Ethyl hydroxyethyl cellulose		0						Этилгидроксиэтилцеллюлоза	эмульгатор	
468	Crosslinked sodium carboxymethyl cellulose (Croscarmellose)	emulsifier	4	This additive is under discussion and may be included in a future amendment to the Directive on miscellaneous additives					Кроскарамеллоза	эмульгатор	Добавка может быть исключена из списка разрешенных.
469	Enzymically hydrolysed carboxymethylcellulose	emulsifier	0						Карбоксиметилцеллюлоза ферментативно гидролизованная	эмульгатор	
470	Salts of fatty acids with base Al, Ca, Na, Mg, K and NH4		0						Соли жирных кислот	разрыхлитель	
470a	Sodium, potassium and calcium salts of fatty acids (emulsifier)	anti-caking agent	0		1				Соли жирных кислот натрия, калия и кальция	разрыхлитель	
470b	Magnesium salts of fatty acids (emulsifier)	anti-caking agent	0		1				Соли жирных кислот магния	разрыхлитель	
471	Mono- and diglycerides of fatty acids (glyceryl monostearate, glyceryl distearate)	emulsifier	0		1				Моно- и диглицериды жирных кислот	эмульгатор	
472a	Acetic acid esters of mono- and diglycerides of fatty acids	emulsifier	0		1				Эфиры глицерина, уксусной и жирных кислот	эмульгатор	
472b	Lactic acid esters of mono- and diglycerides of fatty acids	emulsifier	0		1				Эфиры глицерина, молочной и жирных кислот	эмульгатор	
472c	Citric acid esters of mono- and diglycerides of fatty acids	emulsifier	0		1				Эфиры глицерина, лимонной и жирных кислот	эмульгатор	
472d	Tartaric acid esters of mono- and diglycerides of fatty acids	emulsifier	0		1				Эфиры моно- и диглицеридов винной и жирных кислот	эмульгатор	
472e	Mono- and diacetyl tartaric acid esters of mono- and diglycerides of fatty acids	emulsifier	0		1				Эфиры глицерина, диацетилвинной и жирных кислот	эмульгатор	
472f	Mixed acetic and tartaric acid esters of mono- and diglycerides of fatty acids	emulsifier	0		1				Смешанные эфиры глицерина, винной, уксусной и жирных кислот	эмульгатор	
472g	Succinylated monoglycerides	emulsifier	0						Эфиры моноглицеридов и янтарной кислоты	эмульгатор	
473	Sucrose esters of fatty acids	emulsifier	0		1				Эфиры сахарозы и жирных кислот	эмульгатор	
474	Sucroglycerides	emulsifier	0		1				Сахароглицериды	эмульгатор	
475	Polyglycerol esters of fatty acids	emulsifier	0		1				Эфиры полиглицеридов и жирных кислот	эмульгатор	
476	Polyglycerol polyricinoleate	emulsifier	0		1				Эфиры полиглицерина и взаимоэтерифицированных рициноловых кислот	эмульгатор	
477	Propane-1, 2-diol esters of fatty acids, propylene glycol esters of fatty acids	emulsifier	0		1				Эфиры пропиленгликоля и жирных кислот	эмульгатор	
478	Lactylated fatty acid esters of glycerol and propane-1	emulsifier	0						Эфиры лактилированных жирных кислот, глицерина и пропиленгликоля	эмульгатор	
479b	Thermally oxidized soya bean oil interacted with mono- and diglycerides of fatty acids	emulsifier	0		1				Термически окисленное соевое масло с моно- и диглицердами жирных кислот	эмульгатор	
480	Dioctyl sodium sulphosuccinate	emulsifier	0						Диоктилсульфосукцинат натрия	эмульгатор	
481	Sodium stearoyl-2-lactylate	emulsifier	0		1				Лактилаты натрия	эмульгатор	
482	Calcium stearoyl-2-lactylate	emulsifier	0		1				Лактилаты кальция	эмульгатор	
483	Stearyl tartrate	emulsifier	0		1				Стеарилтартрат	эмульгатор	
484	Stearyl citrate	emulsifier	0						Стеарилцитрат	эмульгатор	
485	Sodium Stearoyl Fumarate	emulsifier	0						Стеароилфумарат натрия	эмульгатор	Не входит в список разрешенных в России
486	Calcium Stearoyl Fumarate	emulsifier	0						Стеароилфумарат кальция	эмульгатор	Не входит в список разрешенных в России
487	Sodium laurylsulphate	emulsifier	0						Лаурилсульфат натрия	эмульгатор	Не входит в список разрешенных в России
488	Ethoxylated Mono- and Di-Glycerides	emulsifier	0						Этоксилированные моно- и ди-глицериды	эмульгатор	Не входит в список разрешенных в России
489	Methyl Glucoside - Coconut Oil Ester	emulsifier	0						Эфир кокосового масла и метилгликозида	эмульгатор	Не входит в список разрешенных в России
490	Propane-1,2-diol		0						Пропиленгликоль	эмульгатор	
491	Sorbitan monostearate	emulsifier	0		1				Сорбитан моностеарат, СПЭН 60	эмульгатор	
492	Sorbitan tristearate	emulsifier	0		1				Сорбитан тристеарат	эмульгатор	
493	Sorbitan monolaurate	emulsifier	0		1				Сорбитан монолаурат, СПЭН 20	эмульгатор	
494	Sorbitan monooleate	emulsifier	0		1				Сорбитан моноолеат, СПЭН 80	эмульгатор	
495	Sorbitan monopalmitate	emulsifier	0		1				Сорбитан монопальмитат, СПЭН 40	эмульгатор	
496	Sorbitan trioleat	emulsifier	0						Сорбитан триолеат, СПЭН 85	эмульгатор	
497	Polyoxypropylene-polyoxyethylene polymers		0						Polyoxypropylene-polyoxyethylene polymers		
498	Partial polyglycerol esters of polycondensed fatty acids of castor oil		0						Partial polyglycerol esters of polycondensed fatty acids of castor oil		
499	Cassia gum		0						Cassia gum		
500	Sodium carbonates (i) Sodium carbonate (ii) Sodium bicarbonate (Sodium hydrogen carbonate) (iii) Sodium sesquicarbonate (acidity regulator)	raising agent	0						Карбонаты натрия	разрыхлитель	
501	Potassium carbonates (i) Potassium carbonate (ii) Potassium bicarbonate (Potassium hydrogen carbonate)	acidity regulator	0						Карбонаты калия	регулятор кислотности	
503	Ammonium carbonates (i) Ammonium carbonate (ii) Ammonium bicarbonate (Ammonium hydrogen carbonate)	acidity regulator	0						Карбонаты аммония	регулятор кислотности	
504	Magnesium carbonates (i) Magnesium carbonate (ii) Magnesium bicarbonate Magnesium hydrogen carbonate	acidity regulator, anti-caking agent	0						Карбонаты магния	регулятор кислотности, разрыхлитель	
505	Ferrous carbonate	acidity regulator	0						Карбонат железа	регулятор кислотности	
507	Hydrochloric acid	acid	0						Соляная кислота	регулятор кислотности	
508	Potassium chloride	seasoning	0						Хлорид калия	эмульгатор	
509	Calcium chloride	firming agent	0						Хлорид кальция	консервант	
510	Ammonium chloride, ammonia solution	improving agent	0						Хлорид аммония	регулятор кислотности	
511	Magnesium chloride	firming agent	0						Хлорид магния	консервант	
512	Stannous chloride	antioxidant	1						Хлорид олова(II)	антиоксидант	
513	Sulphuric acid	acid	0						Серная кислота	регулятор кислотности	
514	Sodium sulphates (i) Sodium sulphate (ii)	acid	0						Сульфаты натрия	регулятор кислотности	
515	Potassium Sulphates (i) Potassium Sulphate (ii)		0						Сульфаты калия	регулятор кислотности	
516	Calcium sulphate		0						Сульфат кальция		
517	Ammonium sulphate	improving agent	0						Сульфат аммония	регулятор кислотности	
518	Magnesium sulfate (Epsom salts)	firming agent	0						Сульфат магния	консервант, регулятор кислотности	
519	Copper(II) sulphate	preservative	0						Сульфат меди	консервант	
520	Aluminium sulphate	firming agent	0						Сульфат алюминия	консервант	
521	Aluminium sodium sulphate	firming agent	0						Сульфат алюминия-натрия (алюмонатриевые квасцы)	консервант	
522	Aluminium potassium sulphate	acidity regulator	0						Сульфат алюминия-калия (алюмокалиевые квасцы)	регулятор кислотности	
523	Aluminium ammonium sulphate	acidity regulator	0						Сульфат алюминия-аммония (алюмоаммиачные квасцы)	регулятор кислотности	
524	Sodium hydroxide	acidity regulator	0						Гидроксид натрия	регулятор кислотности	
525	Potassium hydroxide	acidity regulator	0						Гидроксид калия	регулятор кислотности	
526	Calcium hydroxide	firming agent	0						Гидроксид кальция	консервант	
527	Ammonium hydroxide	acidity regulator	0						Гидроксид аммония	регулятор кислотности	
528	Magnesium hydroxide	acidity regulator	0						Гидроксид магния	регулятор кислотности	
529	Calcium oxide	improving agent	0						Оксид кальция	регулятор кислотности	
530	Magnesium oxide	anti-caking agent	0						Оксид магния	разрыхлитель, регулятор кислотности	
535	Sodium ferrocyanide	anti-caking agent	0						Ферроцианид натрия	разрыхлитель, регулятор кислотности	
536	Potassium ferrocyanide	anti-caking agent	0						Ферроцианид калия	разрыхлитель	
537	Ferrous hexacyanomanganate	anti-caking agent	1						Гексацианоманганат железа	разрыхлитель	
538	Calcium ferrocyanide	anti-caking agent	0						Ферроцианид кальция	разрыхлитель	
539	Sodium thiosulphate	antioxidant	0						Тиосульфат натрия	антиоксидант	
540	Dicalcium diphosphate	emulsifier	0						Дикальция дифосфат	эмульгатор	Не входит в список разрешенных в России
541	Sodium aluminium phosphate (i) Acidic (ii) Basic	emulsifier	0						Алюмофосфат натрия: (i) кислый, (ii) основной	эмульгатор	
542	Bone phosphate (Essentiale Calcium Phosphate, Tribasic)	anti-caking agent	0		0				Фосфат натрия (средняя соль, "Костный фосфат", фосфат кальция 3-х замещённый)	разрыхлитель	
543	Calcium sodium polyphosphate	emulsifier	0						Полифосфат натрия кальция	эмульгатор	Не входит в список разрешенных в России
544	Calcium polyphosphate	emulsifier	0						Полифосфат кальция	эмульгатор	Не входит в список разрешенных в России
545	Ammonium polyphosphate	emulsifier	0						Полифосфат аммония	эмульгатор	Не входит в список разрешенных в России
550	Sodium Silicates (i) Sodium silicate (ii) Sodium metasilicate	anti-caking agent	0						Силикаты натрия	разрыхлитель	
551	Silicon dioxide (Silica)	anti-caking agent	0						Диоксид кремния	разрыхлитель	
552	Calcium silicate	anti-caking agent	0						Силикат кальция	разрыхлитель	
553a	(i) Magnesium silicate (ii) Magnesium trisilicate	anti-caking agent	0						(i) Силикат магния, (ii) трисиликат магния	разрыхлитель	
553b	Talc	anti-caking agent	0						Тальк	разрыхлитель	
554	Sodium aluminosilicate (sodium aluminium silicate)	anti-caking agent	0						Алюмосиликат натрия	разрыхлитель	
555	Potassium aluminium silicate	anti-caking agent	0						Алюмосиликат калия	разрыхлитель	
556	Calcium aluminosilicate (calcium aluminium silicate)	anti-caking agent	0						Алюмосиликат кальция	разрыхлитель	
557	Zinc silicate	anti-caking agent	1						Силикат цинка	разрыхлитель	
558	Bentonite	anti-caking agent	0						Бентонит	разрыхлитель	
559	Aluminium silicate (Kaolin)	anti-caking agent	0						Алюмосиликат (каолин)	разрыхлитель	
560	Potassium silicate	anti-caking agent	0						Силикат калия	разрыхлитель	
561	Vermiculite		0						Vermiculite		
562	Sepiolite		0						Sepiolite		
563	Sepiolitic clay		0						Sepiolitic clay		
565	Lignosulphonates		0						Lignosulphonates		
566	Natrolite-phonolite		0						Natrolite-phonolite		
570	Stearic acid (Fatty acid)	anti-caking agent	0		1				Жирные кислоты	разрыхлитель	
572	Magnesium stearate, calcium stearate (emulsifier)	anti-caking agent	0		1				Стеарат магния	разрыхлитель, эмульгатор	Не входит в список разрешенных в России
574	Gluconic acid	acidity regulator	0						Глюконовая кислота (D-)	регулятор кислотности	
575	Glucono delta-lactone (acidity regulator)	sequestrant	0						Глюконо-d-лактон	консервант	
576	Sodium gluconate	sequestrant	0						Глюконат натрия	консервант	
577	Potassium gluconate	sequestrant	0						Глюконат калия	консервант	
578	Calcium gluconate	firming agent	0						Глюконат кальция	консервант	
579	Ferrous gluconate	food colouring	0						Глюконат железа	краситель	
580	Magnesium gluconate		0						Глюконат магния		
585	Ferrous lactate	food colouring	0		1				Лактат железа	краситель	
586	4-Hexylresorcinol	antioxidant	0						4-Гексилрезорцин	антиоксидант	
598	Synthetic calcium aluminates		0						Синтетические алюминаты кальция		
599	Perlite		0						Перлит		
620	Glutamic acid	flavour enhancer	0						Глутаминовая кислота, L(+)-	усилитель вкуса	
621	Monosodium glutamate (MSG)	flavour enhancer	0						Глутамат натрия однозамещенный	усилитель вкуса	
622	Monopotassium glutamate	flavour enhancer	0						Глутамат калия однозамещенный	усилитель вкуса	
623	Calcium diglutamate	flavour enhancer	0						Диглутамат кальция	усилитель вкуса	
624	Monoammonium glutamate	flavour enhancer	0						Глутамат аммония однозамещенный	усилитель вкуса	
625	Magnesium diglutamate	flavour enhancer	0						Глутамат магния	усилитель вкуса	
626	Guanylic acid	flavour enhancer	0						Гуаниловая кислота	усилитель вкуса	
627	Disodium guanylate, sodium guanylate	flavour enhancer	0		1				5"-Гуанилат натрия двузамещенный	усилитель вкуса	
628	Dipotassium guanylate	flavour enhancer	0						5"-Гуанилат калия двузамещенный	усилитель вкуса	
629	Calcium guanylate	flavour enhancer	0						5"-Гуанилат кальция	усилитель вкуса	
630	Inosinic acid	flavour enhancer	0						Инозиновая кислота	усилитель вкуса	
631	Disodium inosinate	flavour enhancer	0		1				5"-Инозинат натрия двузамещенный	усилитель вкуса	
632	Dipotassium inosinate	flavour enhancer	0						Инозинат калия	усилитель вкуса	
633	Calcium inosinate	flavour enhancer	0						5’-инозинат кальция	усилитель вкуса	
634	Calcium 5'-ribonucleotides	flavour enhancer	0						5’-рибонуклеотиды кальция	усилитель вкуса	
635	Disodium 5'-ribonucleotides	flavour enhancer	0		1				5-рибонуклеотиды натрия двузамещенные	усилитель вкуса	
636	Maltol	flavour enhancer	0						Мальтол	усилитель вкуса	
637	Ethyl maltol	flavour enhancer	0						Этилмальтол	усилитель вкуса	
640	Glycine and its sodium salt	flavour enhancer	0		1				Глицин и его соли натрия	усилитель вкуса	
641	L-leucine	flavour enhancer	0						L-лейцин	усилитель вкуса	
642	Lysine hydrochloride	flavour enhancer	0						Лизин гидрохлорид	усилитель вкуса	
650	Zinc acetate	flavour enhancer	0						Ацетат цинка	усилитель вкуса	
700	Bacitracin								Бацитрацин	усилитель вкуса	
701	Tetracyclines		0						Тетрациклины	антибиотик	
702	Chlortetracycline		0						Chlortetracycline	антибиотик	
703	Oxytetracycline		0						Oxytetracycline	антибиотик	
704	Oleandomycin								Oleandomycin	антибиотик	
705	Penicillin-G-potassium								Penicillin-G-potassium	антибиотик	
706	Penicillin-G-sodium								Penicillin-G-sodium	антибиотик	
707	Penicillin-G-procaine								Penicillin-G-procaine	антибиотик	
708	Penicillin-G-benzathyne								Penicillin-G-benzathyne	антибиотик	
710	Spiramycins		0						Спирамицины	антибиотик	
711	Virginiamicins		0						Вирджинамицины	антибиотик	
712	Flavophospholipol								Флавофосфолипол	антибиотик	
713	Tylosin		0						Тилозин	антибиотик	
714	Monensin								Монензин	антибиотик	
715	Avoparcin								Авопарцин	антибиотик	
716	Salinomycin								Салиномицин	антибиотик	
717	Avilamycin								Авиламицин	антибиотик	
900	Dimethyl polysiloxane (anti-foaming agent)	anti-caking agent	0						Полидиметилсилоксан	пеногаситель, эмульгатор, добавка, препятствующая слёживанию и комкованию	
901	Beeswax , white and yellow	glazing agent	0		0				Воск пчелиный, белый и желтый	глазирователь, разделитель	
902	Candelilla wax	glazing agent	0						Воск свечной	глазирователь	
903	Carnauba wax	glazing agent	0						Воск карнаубский	глазирователь	
904	Shellac	glazing agent	0		0				Шеллак	глазирователь	
905	Paraffins		0						Парафины		
905a	Mineral oil	anti-foaming agent	0						Минеральное масло «пищевое»	пеногаситель, глазирователь, разделитель, герметик	С 1.08.2008 не входит в список разрешенных в России
905b	Petrolatum		0						Вазелин	глазирователь, разделитель, герметик	С 1.08.2008 не входит в список разрешенных в России
905c	Petroleum wax (i)Microcrystalline wax (ii) Paraffin wax	glazing agent	0						Парафин	глазирователь, разделитель, герметик	
906	Gum benzoic	flavour enhancer	0						Бензойная смола	усилитель вкуса	С 1.08.2008 не входит в список разрешенных в России
907	Crystalline wax	glazing agent	0						Поли-1-децен гидрогенизированный	глазирователь	
908	Rice bran wax	glazing agent	0						Воск рисовых отрубей	глазирователь	
909	Spermaceti wax	glazing agent	0						Спермацетовый воск (спермацет)	глазирователь	
910	Wax esters	glazing agent	0						Восковые эфиры	глазирователь	
911	Methyl esters of fatty acids	glazing agent	0						Метиловые эфиры жирных кислот	глазирователь	
912	Montan wax	glazing agent	1						Монтановой (октакозановой) кислоты эфиры	глазирователь	
913	Lanolin, sheep wool grease	glazing agent	0						Ланолин	глазирователь	
914	Oxidized polyethylene wax	glazing agent	1						Окисленный полиэтиленовый воск	глазирователь	
915	Esters of colophony	glazing agent	0						Эфиры канифоли	глазирователь	Не входит в список разрешенных в России
916	Calcium iodate		1						Кальция йодат		
917	Potassium iodate		1						Калия йодат		
918	Nitrogen oxides		1						Оксиды азота		
919	Nitrosyl chloride		1						Нитрозил хлорид		
920	L-cysteine	improving agent	0		1				L-Цистеин	улучшители муки и хлеба	
921	L-cystine	improving agent	0						L-Цистин	улучшители муки и хлеба	
922	Potassium persulfate	improving agent	1						Персульфат калия	улучшитель	
923	Ammonium persulfate	improving agent	1						Персульфат аммония	улучшитель	
924	Potassium bromate	improving agent	0						Бромат калия	улучшитель	Не входит в список разрешенных в России
924b	Calcium bromate	improving agent	1						Бромат кальция	улучшитель	
925	Chlorine	preservative, bleach, improving agent	1						Хлор	консервант, отбеливатель, улучшитель	
926	Chlorine dioxide (preservative)	bleach	1						Диоксид хлора	отбеливатель	
927a	Azodicarbonamide	improving agent	0						Азодикарбонамид	улучшитель	С 1.08.2008 не входит в список разрешенных в России
927b	Carbamide (urea)	improving agent	0						Карбамид (мочевина)	улучшитель	
928	Benzoyl peroxide (improving agent)	bleach	0						Пероксид бензоила	отбеливатель	
929	Acetone peroxide		1						Перекись ацетона		
930	Calcium peroxide (improving agent)	bleach	0						Пероксид кальция	улучшители муки и хлеба	
938	Argon	packaging gas	0						Аргон	упаковочный газ	
939	Helium	packaging gas	0						Гелий	упаковочный газ	
940	Dichlorodifluoromethane	packaging gas	0	Rarely used					Дихлордифторметан	упаковочный газ, хладагент	С 1.08.2008 не входит в список разрешенных в России
941	Nitrogen (packaging gas)	propellant	0						Азот	пропеллент	
942	Nitrous oxide	propellant	0						Закись азота	пропеллент	
943a	Butane	propellant	0						Бутан	пропеллент	
943b	Isobutane	propellant	0						Изобутан	пропеллент	
944	Propane	propellant	0						Пропан	пропеллент	
945	Chloropentafluoroethane	propellant	0						Хлопентафторэтан	пропеллент	С 1.08.2008 не входит в список разрешенных в России
946	Octafluorocyclobutane	propellant	0						Октафторциклобутан	пропеллент	С 1.08.2008 не входит в список разрешенных в России
948	Oxygen	packaging gas	0						Кислород	упаковочный газ	
949	Hydrogen	packaging gas	0						Водород	упаковочный газ	
950	Acesulfame potassium	sweetener	0						Ацесульфам калия	подсластитель	
951	Aspartame	sweetener	0	Despite safety controversy, a 2007 safety evaluation found that the weight of existing scientific evidence indicates that aspartame is safe at current levels of consumption as a non-nutritive sweetener					Аспартам	подсластитель	
952	Cyclamic acid and its sodium and calcium salts, also known as Cyclamate	sweetener	0						Цикламовая кислота и её натриевые, калиевые и кальциевые соли	подсластитель	
953	Isomalt, Isomaltitol	sweetener	0						Изомальт, изомальтит	подсластитель	
954	Saccharin and its sodium, potassium and calcium salts	sweetener	0						Сахарин и его натриевые, калиевые и кальциевые соли	подсластитель	
955	Sucralose (Trichlorogalactosucrose)	sweetener	0						Сукралоза (трихлоргалактосахароза)	подсластитель	
956	Alitame	sweetener	0						Алитам	подсластитель	Не входит в список разрешенных в России
957	Thaumatin (sweetener)	flavour enhancer	0						Тауматин	усилитель вкуса	
958	Glycyrrhizin (sweetener)	flavour enhancer	0						Глицирризин	усилитель вкуса	С 1.08.2008 не входит в список разрешенных в России
959	Neohesperidine dihydrochalcone (sweetener)	flavour enhancer	0						Неогесперидин дигидрохалкон	усилитель вкуса	
960	Stevioside	sweetener	0						Стевиозид	подсластитель	
961	Neotame	sweetener	0						Неотам	подсластитель	Не входит в список разрешенных в России
962	Aspartame-acesulfame salt (sweetener)	stabiliser	0						Аспартам-ацесульфама соль	стабилизатор	
965	Maltitol (i) Maltitol (ii) Maltitol syrup (sweetener) (stabiliser)	humectant	0						Мальтит, мальтитный сироп	влагоудерживающий агент	
966	Lactitol	sweetener	0		1				Лактит	подсластитель	
967	Xylitol	sweetener	0						Ксилит	подсластитель	
968	Erythritol	humectant	0						Erythritol	подсластитель, влагоудерживающий агент	
999	Quillaia extract	foaming agent	0						Эритрит	пенообразователь	
1000	Cholic acid	emulsifier	0						Холевая кислота	эмульгатор	
1001	Choline salts	emulsifier	0						Холин, соли и эфиры	эмульгатор	
1100	Amylase	stabiliser, flavour enhancer	0						Амилазы	улучшитель муки и хлеба	С 1.08.2008 не входит в список разрешенных в России
1101	Proteases ((i)Protease, (ii)Papain, (iii)Bromelain, (iv)Ficin)	stabiliser, flavour enhancer	0						Протеазы (i) протеаза (ii) папаин (iii) бромелайн (iv) фицин	стабилизатор, усилитель вкуса	С 1.08.2008 не входит в список разрешенных в России
1102	Glucose oxidase	antioxidant	0						Глюкозооксидаза	антиоксидант	С 1.08.2008 не входит в список разрешенных в России
1103	Invertase	stabiliser	0						Инвертазы	стабилизатор	
1104	Lipases		0						Липазы	усилитель вкуса и аромата	С 1.08.2008 не входит в список разрешенных в России
1105	Lysozyme	preservative	0		1				Лизоцим	консервант	
1200	Polydextrose	stabiliser, thickening agent, humectant, carrier	0						Полидекстрозы А и N	стабилизатор, загуститель, влагоудерживающий агент, текстуратор	
1201	Polyvinylpyrrolidone	stabiliser	0						Поливинилпирролидон	загуститель, стабилизатор, осветлитель, диспергирующий агент	
1202	Polyvinylpolypyrrolidone (carrier)	stabiliser	0						Поливинилполипирролидон	загуститель, стабилизатор, осветлитель, диспергирующий агент	
1203	Polyvinyl alcohol		0						Поливиниловый спирт	влагоудерживающий агент, глазирователь	
1204	Pullulan		0						Пуллулан	глазирователь, загуститель	
1400	Dextrin (Dextrins, roasted starch white and yellow) (stabiliser)	thickening agent	0						Декстрины, крахмал, обработанный термически, белый и желтый	стабилизатор, загуститель, связующее	
1401	Modified starch ((Acid-treated starch) stabiliser)	thickening agent	0						Крахмал, обработанный кислотой	стабилизатор, загуститель, связующее	
1402	Alkaline modified starch (stabiliser)	thickening agent	0						Крахмал, обработанный щелочью	стабилизатор, загуститель, связующее	
1403	Bleached starch (stabiliser)	thickening agent	0						Крахмал отбеленный	стабилизатор, загуститель, связующее	
1404	Oxidized starch (emulsifier)	thickening agent	0						Окисленный крахмал	эмульгатор, загуститель, связующее	
1405	Enzyme treated starch		0						Крахмал, обработанный ферментными препаратами	загуститель	
1410	Monostarch phosphate (stabiliser)	thickening agent	0						Монокрахмалфосфат	стабилизатор, загуститель	
1411	Distarch glycerol (thickening agent)	emulsifier	0						Дикрахмалглицерин	стабилизатор, загуститель	
1412	Distarch phosphate esterified with sodium trimetasphosphate; esterified with phosphorus oxychloride (stabiliser)	thickening agent	0						Дикрахмалфосфат этерифицированный тринатрийметафосфатом; этерифицированный хлорокисью фосфора	стабилизатор, загуститель, связующее	
1413	Phosphated distarch phosphate (stabiliser)	thickening agent	0						Фосфатированный дикрахмалфосфат	стабилизатор, загуститель, связующее	
1414	Acetylated distarch phosphate (emulsifier)	thickening agent	0						Дикрахмалфосфат ацетилированный	стабилизатор, загуститель, связующее	
1420	Starch acetate esterified with acetic anhydride (stabiliser)	thickening agent	0						Крахмал ацетатный, этерифицированный уксусным ангидридом	стабилизатор, загуститель, связующее	
1421	Starch acetate esterified with vinyl acetate (stabiliser)	thickening agent	0						Крахмал ацетатный, этерифицированный винилацетатом	стабилизатор, загуститель, связующее	
1422	Acetylated Distarch Adipate (stabiliser)	thickening agent	0						Дикрахмаладипат ацетилированный	стабилизатор, загуститель, связующее	
1423	Acetylated distarch glycerol	thickening agent	0						Дикрахмалглицерин ацетилированный	стабилизатор, загуститель, связующее	
1430	Distarch glycerine (stabiliser)	thickening agent	0						Дикрахмалглицерин	стабилизатор, загуститель, связующее	Не входит в список разрешенных в России
1440	Hydroxy propyl starch (emulsifier)	thickening agent	0						Крахмал оксипропилированный	стабилизатор, загуститель, связующее	
1441	Hydroxy propyl distarch glycerine (stabiliser)	thickening agent	0						Гидроксипропил крахмала глицерин	стабилизатор, загуститель, связующее	Не входит в список разрешенных в России
1442	Hydroxy propyl distarch phosphate (stabiliser)	thickening agent	0						Дикрахмалфосфат оксипропилированный «сшитый»	стабилизатор, загуститель, связующее	
1443	Hydroxy propyl distarch glycerol		0						Дикрахмалглицерин оксипропилированный	стабилизатор, загуститель	
1450	Starch sodium octenyl succinate (emulsifier) (stabiliser)	thickening agent	0						Крахмала и натриевой соли октенилянтарной кислоты эфир	стабилизатор, глазирователь	
1451	Acetylated oxidised starch (emulsifier)	thickening agent	0						Ацетилированный окисленный крахмал	стабилизатор, загуститель	
1501	Benzylated hydrocarbons		0						Бензилированный гидрокарбон		Не входит в список разрешенных в России
1502	Butane-1, 3-diol		0						Бутан-1, 3-диол		Не входит в список разрешенных в России
1503	Castor oil	resolving agent	0						Касторовое масло	разделяющий агент	
1504	Ethyl acetate	flavour solvent	0						Этилацетат	усилитель вкуса	Не входит в список разрешенных в России
1505	Triethyl citrate	foam stabiliser	0						Триэтилцитрат	пенообразователь	
1510	Ethanol		0						Этанол		Не входит в список разрешенных в России
1516	Glyceryl monoacetate	flavour solvent	0						Моноацетат глицерина	усилитель вкуса	Не входит в список разрешенных в России
1517	Glyceryl diacetate or diacetin	flavour solvent	0						Диацетат глицерина (диацетин)	влагоудерживающий агент, наполнитель	
1518	Glyceryl triacetate or triacetin	humectant	0		1				Триацетин	влагоудерживающий агент	
1519	Benzyl alcohol		0						Бензиловый спирт		
1520	Propylene glycol	humectant	0						Пропиленгликоль	влагоудерживающий, смягчающий и диспергирующий агент	
1521	Polyethylene glycol		0						Полиэтиленгликоль	пеногаситель	
1525	Hydroxyethyl cellulose	thickening agent	0						Гидроксиэтилцеллюлоза		Не входит в список разрешенных в России
